Keyword,Phrase,Category,Search Value
cutlery,cutlery,FOOD & CONSUMABLES,"""cutlery""+food +fresh +real +photo +cuisine -artificial -fake -plastic -toy -drawing -clipart -cartoon -logo -diagram -illustration -drawing -sketch -animated -3d -render -cgi -digital -art -painting -vector -icon -graphic -symbol -emoji"
toothpick,toothpick,FOOD & CONSUMABLES,"""toothpick""+food +fresh +real +photo +cuisine -artificial -fake -plastic -toy -drawing -clipart -cartoon -logo -diagram -illustration -drawing -sketch -animated -3d -render -cgi -digital -art -painting -vector -icon -graphic -symbol -emoji"
skewer,skewer,FOOD & CONSUMABLES,"""skewer""+food +fresh +real +photo +cuisine -artificial -fake -plastic -toy -drawing -clipart -cartoon -logo -diagram -illustration -drawing -sketch -animated -3d -render -cgi -digital -art -painting -vector -icon -graphic -symbol -emoji"
,,,
,,,
,,,
,,,
,,,
,,,
+food +fresh +real +photo +cuisine -artificial -fake -plastic -toy -drawing -clipart -cartoon -logo -diagram -illustration -drawing -sketch -animated -3d -render -cgi -digital -art -painting -vector -icon -graphic -symbol -emoji,,,
,,,
,,,
,,,
,,,
,,,
,,,
,,,
,,,
,,,
,,,
,,,
,,,
,,,
,,,
,,,
,,,
,,,
,,,
,,,
,,,
,,,
,,,
,,,
,,,
,,,
,,,
,,,
,,,
,,,
,,,
,,,
,,,
,,,
,,,
,,,
,,,
,,,
,,,
,,,
,,,
,,,
,,,
,,,
,,,
,,,
,,,
,,,
,,,
,,,
,,,
,,,
,,,
,,,
,,,
,,,
,,,
,,,
,,,
,,,
,,,
,,,
,,,
,,,
,,,
,,,
,,,
,,,
,,,
,,,
,,,
,,,
,,,
,,,
,,,
,,,
,,,
,,,
,,,
,,,
,,,
,,,
,,,
,,,
,,,
,,,
,,,
,,,
,,,
,,,
,,,
,,,
,,,
,,,
,,,
,,,
,,,
,,,
,,,
,,,
,,,
,,,
,,,
,,,
,,,
,,,
,,,
,,,
,,,
,,,
,,,
,,,
,,,
,,,
,,,
,,,
,,,
,,,
,,,
,,,
,,,
,,,
,,,
,,,
,,,
,,,
,,,
,,,
,,,
,,,
,,,
,,,
,,,
,,,
,,,
,,,
,,,
,,,
,,,
,,,
,,,
,,,
,,,
,,,
,,,
,,,
,,,
,,,
,,,
,,,
,,,
,,,
,,,
,,,
,,,
,,,
,,,
,,,
,,,
,,,
,,,
apple,apple,FOOD & CONSUMABLES,
peach,peach,FOOD & CONSUMABLES,
donut,donut,FOOD & CONSUMABLES,
grapefruit,grapefruit,FOOD & CONSUMABLES,
tomato,tomato,FOOD & CONSUMABLES,
pea,pea,FOOD & CONSUMABLES,
